Quantity,Name,Simple Name,Set,Card Number,Set Code,Printing,Condition,Language,Rarity,Product ID,SKU
1,Unwinding Clock,Unwinding Clock,The Brothers' War: Retro Frame Artifacts,61,BRR,Normal,Near Mint,English,Rare,451976,6678402
1,Plains (267) - Full Art,Plains,Zendikar Rising,267,ZNR,Normal,Near Mint,English,Land,221824,4543468
2,Plains (268) - Full Art,Plains,Zendikar Rising,268,ZNR,Normal,Near Mint,English,Land,221825,4543578
1,Go for the Throat,Go for the Throat,The Brothers' War,102,BRO,Normal,Near Mint,English,Uncommon,451938,6675697
1,Evolving Wilds,Evolving Wilds,The Brothers' War,261,BRO,Normal,Near Mint,English,Common,453127,6717110
3,Swamp (274) - Full Art,Swamp,Zendikar Rising,274,ZNR,Normal,Near Mint,English,Land,221833,4544458
1,Goring Warplow,Goring Warplow,The Brothers' War,120,BRO,Normal,Near Mint,English,Common,453093,6714685
2,Dredging Claw,Dredging Claw,The Brothers' War,119,BRO,Normal,Near Mint,English,Common,453015,6711615
1,Thopter Architect,Thopter Architect,The Brothers' War,29,BRO,Normal,Near Mint,English,Uncommon,452290,6690783
1,Swamp (273) - Full Art,Swamp,Zendikar Rising,273,ZNR,Normal,Near Mint,English,Land,221831,4544238
1,Springleaf Drum,Springleaf Drum,The Brothers' War: Retro Frame Artifacts,55,BRR,Normal,Near Mint,English,Uncommon,452431,6699931
2,Swamp (272) - Full Art,Swamp,Zendikar Rising,272,ZNR,Normal,Near Mint,English,Land,221829,4544018
1,Scrapwork Cohort,Scrapwork Cohort,The Brothers' War,37,BRO,Normal,Near Mint,English,Common,451452,6668651
1,Bone Saw,Bone Saw,The Brothers' War: Retro Frame Artifacts,7,BRR,Normal,Near Mint,English,Uncommon,452382,6694205
1,Plains (266) - Full Art,Plains,Zendikar Rising,266,ZNR,Normal,Near Mint,English,Land,221823,4543358
1,Military Discipline,Military Discipline,The Brothers' War,17,BRO,Normal,Near Mint,English,Common,453076,6713485
1,Plains (251) - Full Art,Plains,Battle for Zendikar,251,BFZ,Normal,Near Mint,English,Land,104402,2950606
1,Ornithopter (Retro Frame),Ornithopter,Dominaria Remastered,386,DMR,Normal,Near Mint,English,Common,457189,6795056
1,Mishra's Bauble,Mishra's Bauble,The Brothers' War: Retro Frame Artifacts,34,BRR,Normal,Near Mint,English,Uncommon,451925,6674897
1,Plains (252) - Full Art,Plains,Battle for Zendikar,252,BFZ,Normal,Near Mint,English,Land,104403,2950616
1,Swamp (264) - Full Art,Swamp,Battle for Zendikar,264,BFZ,Normal,Near Mint,English,Land,104410,2950686
1,Tocasia's Onulet,Tocasia's Onulet,The Brothers' War,39,BRO,Normal,Near Mint,English,Common,451936,6675537
1,Hero of the Dunes,Hero of the Dunes,The Brothers' War,213,BRO,Normal,Near Mint,English,Uncommon,452542,6705036
1,Blast Zone (BRO),Blast Zone,Promo Pack: The Brothers' War,258p,PPBRO,Foil,Near Mint,English,Rare,454982,6742390
1,Recommission,Recommission,The Brothers' War,22,BRO,Normal,Near Mint,English,Common,453030,6712815
1,Scrapwork Rager,Scrapwork Rager,The Brothers' War,123,BRO,Normal,Near Mint,English,Common,453017,6711775
1,Dreams of Steel and Oil,Dreams of Steel and Oil,The Brothers' War,92,BRO,Normal,Near Mint,English,Uncommon,452628,6705796
1,Demolition Field,Demolition Field,The Brothers' War,260,BRO,Normal,Near Mint,English,Uncommon,452255,6688983
1,Thran Power Suit,Thran Power Suit,The Brothers' War,253,BRO,Normal,Near Mint,English,Uncommon,452246,6688413
1,Misery's Shadow,Misery's Shadow,The Brothers' War,107,BRO,Normal,Near Mint,English,Rare,452794,6708522
1,The Stasis Coffin,The Stasis Coffin,The Brothers' War,245,BRO,Normal,Near Mint,English,Rare,452240,6688133
1,Loran of the Third Path,Loran of the Third Path,The Brothers' War,12,BRO,Normal,Near Mint,English,Rare,452064,6680743
1,Levitating Statue,Levitating Statue,The Brothers' War,236,BRO,Normal,Near Mint,English,Uncommon,452663,6706871
1,Ashnod's Harvester,Ashnod's Harvester,The Brothers' War,117,BRO,Normal,Near Mint,English,Uncommon,451443,6668156
1,Aeronaut's Wings,Aeronaut's Wings,The Brothers' War,231,BRO,Normal,Near Mint,English,Common,453102,6715345
